Grid Size,Median (ms),Mean (ms),Stdev (ms),Min (ms),Max (ms),Initial Mass,Final Mass,Mass Change
128x128,7.3443,8.2969,2.0666,5.6530,11.5638,0.09971421,0.51466303,0.41494882
256x256,114.2115,117.8696,8.9894,109.3504,134.4724,0.09893373,0.51938485,0.42045113
