Grid Size,Median (ms),Mean (ms),Stdev (ms),Min (ms),Max (ms),Initial Mass,Final Mass,Mass Change
128x128,5.9469,6.7878,1.5679,5.3334,9.2258,0.09971421,0.51466303,0.41494882
256x256,161.5119,147.9267,20.2279,117.8993,167.2664,0.09893373,0.51938485,0.42045113
512x512,887.4234,948.8160,86.5228,878.4682,1096.1762,0.09854690,0.47792786,0.37938096
1024x1024,2961.6140,3051.2764,288.4102,2797.0249,3605.3613,0.09835434,0.52947506,0.43112072
