Grid Size,Median (ms),Mean (ms),Stdev (ms),Min (ms),Max (ms),Initial Mass,Final Mass,Mass Change
128x128,6.2420,6.1703,0.6717,5.4355,7.2214,0.09971421,0.51466303,0.41494882
256x256,113.8602,116.3423,13.4188,101.2077,140.4042,0.09893373,0.51938485,0.42045113
512x512,675.0301,712.4354,73.6288,662.5439,857.5300,0.09854690,0.47792786,0.37938096
1024x1024,2740.9274,2776.5292,61.9304,2722.1539,2877.2527,0.09835434,0.52947506,0.43112072
